{
  "mmd-CD": 0.008874586783349514,
  "cov-CD": 0.08552074432373047,
  "1-NN-CD-acc": 0.9994072914123535,
  "rec-CD": 0.014256604015827179
}