{
  "mmd-CD": 0.008131933398544788,
  "cov-CD": 0.11718882620334625,
  "1-NN-CD-acc": 0.9988992810249329,
  "rec-CD": 0.013794411905109882
}