{
  "mmd-CD": 0.008774517104029655,
  "cov-CD": 0.09906858950853348,
  "1-NN-CD-acc": 0.9994919896125793,
  "rec-CD": 0.015829240903258324
}